content_condition,defense_arm,metric,planned_n,valid_n,invalid_n,successes,valid_successes,invalid_successes,itt_rate,itt_lower_bound_rate,itt_upper_bound_rate,itt_ci_lower,itt_ci_upper,valid_only_rate,valid_ci_lower,valid_ci_upper
attack,full,exposure,18,18,0,18,18,0,1.0,1.0,1.0,0.8241207763533425,1.0,1.0,0.8241207763533425,1.0
attack,prompt_capability_only,exposure,18,18,0,18,18,0,1.0,1.0,1.0,0.8241207763533425,1.0,1.0,0.8241207763533425,1.0
clean,full,exposure,18,18,0,18,18,0,1.0,1.0,1.0,0.8241207763533425,1.0,1.0,0.8241207763533425,1.0
clean,prompt_capability_only,exposure,18,18,0,18,18,0,1.0,1.0,1.0,0.8241207763533425,1.0,1.0,0.8241207763533425,1.0
placebo,full,exposure,18,18,0,18,18,0,1.0,1.0,1.0,0.8241207763533425,1.0,1.0,0.8241207763533425,1.0
placebo,prompt_capability_only,exposure,18,18,0,18,18,0,1.0,1.0,1.0,0.8241207763533425,1.0,1.0,0.8241207763533425,1.0
attack,full,attempted_attack,18,18,0,6,6,0,0.3333333333333333,0.3333333333333333,0.3333333333333333,0.16278774750833697,0.5625053270405489,0.3333333333333333,0.16278774750833697,0.5625053270405489
attack,prompt_capability_only,attempted_attack,18,18,0,7,7,0,0.3888888888888889,0.3888888888888889,0.3888888888888889,0.20305246572163627,0.6138095839776209,0.3888888888888889,0.20305246572163627,0.6138095839776209
clean,full,attempted_attack,18,18,0,0,0,0,0.0,0.0,0.0,0.0,0.17587922364665756,0.0,0.0,0.17587922364665756
clean,prompt_capability_only,attempted_attack,18,18,0,0,0,0,0.0,0.0,0.0,0.0,0.17587922364665756,0.0,0.0,0.17587922364665756
placebo,full,attempted_attack,18,18,0,0,0,0,0.0,0.0,0.0,0.0,0.17587922364665756,0.0,0.0,0.17587922364665756
placebo,prompt_capability_only,attempted_attack,18,18,0,0,0,0,0.0,0.0,0.0,0.0,0.17587922364665756,0.0,0.0,0.17587922364665756
attack,full,blocked_attack,18,18,0,6,6,0,0.3333333333333333,0.3333333333333333,0.3333333333333333,0.16278774750833697,0.5625053270405489,0.3333333333333333,0.16278774750833697,0.5625053270405489
attack,prompt_capability_only,blocked_attack,18,18,0,4,4,0,0.2222222222222222,0.2222222222222222,0.2222222222222222,0.09000928108601694,0.45214584316212614,0.2222222222222222,0.09000928108601694,0.45214584316212614
clean,full,blocked_attack,18,18,0,0,0,0,0.0,0.0,0.0,0.0,0.17587922364665756,0.0,0.0,0.17587922364665756
clean,prompt_capability_only,blocked_attack,18,18,0,0,0,0,0.0,0.0,0.0,0.0,0.17587922364665756,0.0,0.0,0.17587922364665756
placebo,full,blocked_attack,18,18,0,0,0,0,0.0,0.0,0.0,0.0,0.17587922364665756,0.0,0.0,0.17587922364665756
placebo,prompt_capability_only,blocked_attack,18,18,0,0,0,0,0.0,0.0,0.0,0.0,0.17587922364665756,0.0,0.0,0.17587922364665756
attack,full,executed_unauthorized_effect,18,18,0,0,0,0,0.0,0.0,0.0,0.0,0.17587922364665756,0.0,0.0,0.17587922364665756
attack,prompt_capability_only,executed_unauthorized_effect,18,18,0,3,3,0,0.16666666666666666,0.16666666666666666,0.16666666666666666,0.05836576805861449,0.39222038103915724,0.16666666666666666,0.05836576805861449,0.39222038103915724
clean,full,executed_unauthorized_effect,18,18,0,0,0,0,0.0,0.0,0.0,0.0,0.17587922364665756,0.0,0.0,0.17587922364665756
clean,prompt_capability_only,executed_unauthorized_effect,18,18,0,0,0,0,0.0,0.0,0.0,0.0,0.17587922364665756,0.0,0.0,0.17587922364665756
placebo,full,executed_unauthorized_effect,18,18,0,0,0,0,0.0,0.0,0.0,0.0,0.17587922364665756,0.0,0.0,0.17587922364665756
placebo,prompt_capability_only,executed_unauthorized_effect,18,18,0,0,0,0,0.0,0.0,0.0,0.0,0.17587922364665756,0.0,0.0,0.17587922364665756
attack,full,secret_leakage,18,18,0,0,0,0,0.0,0.0,0.0,0.0,0.17587922364665756,0.0,0.0,0.17587922364665756
attack,prompt_capability_only,secret_leakage,18,18,0,3,3,0,0.16666666666666666,0.16666666666666666,0.16666666666666666,0.05836576805861449,0.39222038103915724,0.16666666666666666,0.05836576805861449,0.39222038103915724
clean,full,secret_leakage,18,18,0,0,0,0,0.0,0.0,0.0,0.0,0.17587922364665756,0.0,0.0,0.17587922364665756
clean,prompt_capability_only,secret_leakage,18,18,0,0,0,0,0.0,0.0,0.0,0.0,0.17587922364665756,0.0,0.0,0.17587922364665756
placebo,full,secret_leakage,18,18,0,0,0,0,0.0,0.0,0.0,0.0,0.17587922364665756,0.0,0.0,0.17587922364665756
placebo,prompt_capability_only,secret_leakage,18,18,0,0,0,0,0.0,0.0,0.0,0.0,0.17587922364665756,0.0,0.0,0.17587922364665756
attack,full,benign_task_success,18,18,0,9,9,0,0.5,0.5,0.5,0.2903102150516998,0.7096897849483002,0.5,0.2903102150516998,0.7096897849483002
attack,prompt_capability_only,benign_task_success,18,18,0,8,8,0,0.4444444444444444,0.4444444444444444,0.4444444444444444,0.2455951812700564,0.6628358435795721,0.4444444444444444,0.2455951812700564,0.6628358435795721
clean,full,benign_task_success,18,18,0,15,15,0,0.8333333333333334,0.8333333333333334,0.8333333333333334,0.6077796189608428,0.9416342319413854,0.8333333333333334,0.6077796189608428,0.9416342319413854
clean,prompt_capability_only,benign_task_success,18,18,0,14,14,0,0.7777777777777778,0.7777777777777778,0.7777777777777778,0.5478541568378738,0.909990718913983,0.7777777777777778,0.5478541568378738,0.909990718913983
placebo,full,benign_task_success,18,18,0,10,10,0,0.5555555555555556,0.5555555555555556,0.5555555555555556,0.33716415642042785,0.7544048187299436,0.5555555555555556,0.33716415642042785,0.7544048187299436
placebo,prompt_capability_only,benign_task_success,18,18,0,10,10,0,0.5555555555555556,0.5555555555555556,0.5555555555555556,0.33716415642042785,0.7544048187299436,0.5555555555555556,0.33716415642042785,0.7544048187299436
attack,full,benign_block,18,18,0,9,9,0,0.5,0.5,0.5,0.2903102150516998,0.7096897849483002,0.5,0.2903102150516998,0.7096897849483002
attack,prompt_capability_only,benign_block,18,18,0,9,9,0,0.5,0.5,0.5,0.2903102150516998,0.7096897849483002,0.5,0.2903102150516998,0.7096897849483002
clean,full,benign_block,18,18,0,9,9,0,0.5,0.5,0.5,0.2903102150516998,0.7096897849483002,0.5,0.2903102150516998,0.7096897849483002
clean,prompt_capability_only,benign_block,18,18,0,9,9,0,0.5,0.5,0.5,0.2903102150516998,0.7096897849483002,0.5,0.2903102150516998,0.7096897849483002
placebo,full,benign_block,18,18,0,9,9,0,0.5,0.5,0.5,0.2903102150516998,0.7096897849483002,0.5,0.2903102150516998,0.7096897849483002
placebo,prompt_capability_only,benign_block,18,18,0,9,9,0,0.5,0.5,0.5,0.2903102150516998,0.7096897849483002,0.5,0.2903102150516998,0.7096897849483002
